[{"model": "tabs.tab", "pk": 13, "fields": {"created_at": "2025-11-17T20:42:14.032Z", "updated_at": "2025-11-17T21:22:13.636Z", "name": "Turkey", "description": "", "default_currency": "TRY", "is_settled": false}}, {"model": "tabs.tabperson", "pk": 33, "fields": {"created_at": "2025-11-17T20:42:14.038Z", "updated_at": "2025-11-17T20:42:14.038Z", "tab": 13, "name": "Seb", "email": null, "user": null}}, {"model": "tabs.tabperson", "pk": 34, "fields": {"created_at": "2025-11-17T20:42:14.039Z", "updated_at": "2025-11-17T20:42:14.039Z", "tab": 13, "name": "Mel", "email": null, "user": null}}, {"model": "tabs.tabperson", "pk": 35, "fields": {"created_at": "2025-11-17T20:42:14.039Z", "updated_at": "2025-11-17T20:42:14.039Z", "tab": 13, "name": "Tata", "email": null, "user": null}}, {"model": "tabs.bill", "pk": 20, "fields": {"created_at": "2025-11-17T21:03:56.971Z", "updated_at": "2025-11-17T21:03:56.971Z", "tab": 13, "description": "Baklava shop", "currency": "TRY", "status": "open", "creator": 33, "paid_by": 33, "date": "2025-11-17", "is_closed": false}}, {"model": "tabs.bill", "pk": 21, "fields": {"created_at": "2025-11-17T21:18:56.985Z", "updated_at": "2025-11-17T21:18:56.985Z", "tab": 13, "description": "Black & White beach bar", "currency": "TRY", "status": "open", "creator": 33, "paid_by": 33, "date": "2025-11-17", "is_closed": false}}, {"model": "tabs.bill", "pk": 22, "fields": {"created_at": "2025-11-17T21:21:45.316Z", "updated_at": "2025-11-17T21:21:45.316Z", "tab": 13, "description": "ciggies", "currency": "TRY", "status": "open", "creator": 33, "paid_by": 35, "date": "2025-11-17", "is_closed": false}}, {"model": "tabs.bill", "pk": 23, "fields": {"created_at": "2025-11-17T21:23:23.313Z", "updated_at": "2025-11-17T21:23:23.313Z", "tab": 13, "description": "Cash from ATM", "currency": "TRY", "status": "open", "creator": 33, "paid_by": 35, "date": "2025-11-17", "is_closed": false}}, {"model": "tabs.bill", "pk": 24, "fields": {"created_at": "2025-11-17T21:27:41.079Z", "updated_at": "2025-11-17T21:27:41.079Z", "tab": 13, "description": "buda bar", "currency": "TRY", "status": "open", "creator": 33, "paid_by": 33, "date": "2025-11-17", "is_closed": false}}, {"model": "tabs.bill", "pk": 25, "fields": {"created_at": "2025-11-17T21:50:19.084Z", "updated_at": "2025-11-17T21:50:19.084Z", "tab": 13, "description": "meal", "currency": "GBP", "status": "open", "creator": 33, "paid_by": 34, "date": "2025-11-17", "is_closed": false}}, {"model": "tabs.bill", "pk": 26, "fields": {"created_at": "2025-11-19T21:17:14.175Z", "updated_at": "2025-11-19T21:17:14.175Z", "tab": 13, "description": "Chocolate shop", "currency": "TRY", "status": "open", "creator": 33, "paid_by": 33, "date": "2025-11-19", "is_closed": false}}, {"model": "tabs.bill", "pk": 27, "fields": {"created_at": "2025-11-19T21:20:11.294Z", "updated_at": "2025-11-19T21:20:11.294Z", "tab": 13, "description": "Friend bar", "currency": "TRY", "status": "open", "creator": 33, "paid_by": 33, "date": "2025-11-19", "is_closed": false}}, {"model": "tabs.bill", "pk": 28, "fields": {"created_at": "2025-11-19T21:24:10.234Z", "updated_at": "2025-11-19T21:24:10.234Z", "tab": 13, "description": "Sponge bar (gig)", "currency": "TRY", "status": "open", "creator": 33, "paid_by": 33, "date": "2025-11-19", "is_closed": false}}, {"model": "tabs.bill", "pk": 29, "fields": {"created_at": "2025-11-19T21:30:50.262Z", "updated_at": "2025-11-19T21:30:50.262Z", "tab": 13, "description": "Friend kebab after sponge bar", "currency": "TRY", "status": "open", "creator": 33, "paid_by": 33, "date": "2025-11-19", "is_closed": false}}, {"model": "tabs.bill", "pk": 30, "fields": {"created_at": "2025-11-19T21:44:09.547Z", "updated_at": "2025-11-19T21:44:09.547Z", "tab": 13, "description": "Villa Perla", "currency": "TRY", "status": "open", "creator": 33, "paid_by": 33, "date": "2025-11-19", "is_closed": false}}, {"model": "tabs.bill", "pk": 31, "fields": {"created_at": "2025-11-19T21:47:18.310Z", "updated_at": "2025-11-19T21:47:18.310Z", "tab": 13, "description": "Hotel", "currency": "GBP", "status": "open", "creator": 33, "paid_by": 33, "date": "2025-11-19", "is_closed": false}}, {"model": "tabs.bill", "pk": 32, "fields": {"created_at": "2025-11-19T21:54:15.100Z", "updated_at": "2025-11-19T21:54:15.100Z", "tab": 13, "description": "Beach seats", "currency": "GBP", "status": "open", "creator": 33, "paid_by": 33, "date": "2025-11-19", "is_closed": false}}, {"model": "tabs.bill", "pk": 33, "fields": {"created_at": "2025-11-19T22:03:44.720Z", "updated_at": "2025-11-19T22:03:44.720Z", "tab": 13, "description": "duden waterfalls", "currency": "TRY", "status": "open", "creator": 33, "paid_by": 35, "date": "2025-11-19", "is_closed": false}}, {"model": "tabs.bill", "pk": 34, "fields": {"created_at": "2025-11-19T22:29:54.875Z", "updated_at": "2025-11-19T22:29:54.875Z", "tab": 13, "description": "flights", "currency": "GBP", "status": "open", "creator": 33, "paid_by": 33, "date": "2025-11-19", "is_closed": false}}, {"model": "tabs.lineitem", "pk": 32, "fields": {"created_at": "2025-11-17T21:03:56.982Z", "updated_at": "2025-11-17T21:03:56.982Z", "bill": 20, "description": "Sweet treats", "value": "980.00", "split_type": "shares", "is_closed": false}}, {"model": "tabs.lineitem", "pk": 33, "fields": {"created_at": "2025-11-17T21:18:56.987Z", "updated_at": "2025-11-17T21:18:56.987Z", "bill": 21, "description": "efes", "value": "320.00", "split_type": "shares", "is_closed": false}}, {"model": "tabs.lineitem", "pk": 34, "fields": {"created_at": "2025-11-17T21:18:56.988Z", "updated_at": "2025-11-17T21:18:56.988Z", "bill": 21, "description": "corona", "value": "450.00", "split_type": "shares", "is_closed": false}}, {"model": "tabs.lineitem", "pk": 35, "fields": {"created_at": "2025-11-17T21:18:56.989Z", "updated_at": "2025-11-17T21:18:56.989Z", "bill": 21, "description": "red bull", "value": "250.00", "split_type": "shares", "is_closed": false}}, {"model": "tabs.lineitem", "pk": 36, "fields": {"created_at": "2025-11-17T21:18:56.989Z", "updated_at": "2025-11-17T21:18:56.989Z", "bill": 21, "description": "matcha berry", "value": "350.00", "split_type": "shares", "is_closed": false}}, {"model": "tabs.lineitem", "pk": 37, "fields": {"created_at": "2025-11-17T21:18:56.991Z", "updated_at": "2025-11-17T21:18:56.991Z", "bill": 21, "description": "belfast beer", "value": "375.00", "split_type": "shares", "is_closed": false}}, {"model": "tabs.lineitem", "pk": 38, "fields": {"created_at": "2025-11-17T21:18:56.992Z", "updated_at": "2025-11-17T21:18:56.992Z", "bill": 21, "description": "mango vibe", "value": "350.00", "split_type": "shares", "is_closed": false}}, {"model": "tabs.lineitem", "pk": 39, "fields": {"created_at": "2025-11-17T21:18:56.993Z", "updated_at": "2025-11-17T21:18:56.993Z", "bill": 21, "description": "burger", "value": "670.00", "split_type": "shares", "is_closed": false}}, {"model": "tabs.lineitem", "pk": 40, "fields": {"created_at": "2025-11-17T21:18:56.993Z", "updated_at": "2025-11-17T21:18:56.993Z", "bill": 21, "description": "Chicken dippers", "value": "560.00", "split_type": "shares", "is_closed": false}}, {"model": "tabs.lineitem", "pk": 41, "fields": {"created_at": "2025-11-17T21:18:56.994Z", "updated_at": "2025-11-17T21:18:56.994Z", "bill": 21, "description": "oat smoothie", "value": "400.00", "split_type": "shares", "is_closed": false}}, {"model": "tabs.lineitem", "pk": 42, "fields": {"created_at": "2025-11-17T21:18:56.994Z", "updated_at": "2025-11-17T21:18:56.994Z", "bill": 21, "description": "Salad", "value": "520.00", "split_type": "shares", "is_closed": false}}, {"model": "tabs.lineitem", "pk": 43, "fields": {"created_at": "2025-11-17T21:18:56.995Z", "updated_at": "2025-11-17T21:18:56.995Z", "bill": 21, "description": "Izgara Kofte", "value": "2220.00", "split_type": "shares", "is_closed": false}}, {"model": "tabs.lineitem", "pk": 44, "fields": {"created_at": "2025-11-17T21:18:56.995Z", "updated_at": "2025-11-17T21:18:56.995Z", "bill": 21, "description": "Alfa 1919", "value": "3500.00", "split_type": "shares", "is_closed": false}}, {"model": "tabs.lineitem", "pk": 45, "fields": {"created_at": "2025-11-17T21:21:45.320Z", "updated_at": "2025-11-17T21:21:45.320Z", "bill": 22, "description": "ciggies", "value": "300.00", "split_type": "shares", "is_closed": false}}, {"model": "tabs.lineitem", "pk": 46, "fields": {"created_at": "2025-11-17T21:23:23.315Z", "updated_at": "2025-11-17T21:23:23.315Z", "bill": 23, "description": "cash", "value": "1000.00", "split_type": "shares", "is_closed": false}}, {"model": "tabs.lineitem", "pk": 47, "fields": {"created_at": "2025-11-17T21:27:41.091Z", "updated_at": "2025-11-17T21:27:41.091Z", "bill": 24, "description": "drinks", "value": "850.00", "split_type": "shares", "is_closed": false}}, {"model": "tabs.lineitem", "pk": 48, "fields": {"created_at": "2025-11-17T21:50:19.088Z", "updated_at": "2025-11-17T21:50:19.088Z", "bill": 25, "description": "mel", "value": "38.80", "split_type": "shares", "is_closed": false}}, {"model": "tabs.lineitem", "pk": 49, "fields": {"created_at": "2025-11-17T21:50:19.090Z", "updated_at": "2025-11-17T21:50:19.090Z", "bill": 25, "description": "tata", "value": "75.16", "split_type": "shares", "is_closed": false}}, {"model": "tabs.lineitem", "pk": 50, "fields": {"created_at": "2025-11-17T21:50:19.091Z", "updated_at": "2025-11-17T21:50:19.091Z", "bill": 25, "description": "seb", "value": "25.27", "split_type": "shares", "is_closed": false}}, {"model": "tabs.lineitem", "pk": 51, "fields": {"created_at": "2025-11-19T21:17:14.180Z", "updated_at": "2025-11-19T21:17:14.180Z", "bill": 26, "description": "banana choc covered", "value": "380.00", "split_type": "shares", "is_closed": false}}, {"model": "tabs.lineitem", "pk": 52, "fields": {"created_at": "2025-11-19T21:17:14.183Z", "updated_at": "2025-11-19T21:17:14.183Z", "bill": 26, "description": "drinking choc", "value": "160.00", "split_type": "shares", "is_closed": false}}, {"model": "tabs.lineitem", "pk": 53, "fields": {"created_at": "2025-11-19T21:17:14.184Z", "updated_at": "2025-11-19T21:17:14.184Z", "bill": 26, "description": "menkeshe (pistaccio) cup", "value": "330.00", "split_type": "shares", "is_closed": false}}, {"model": "tabs.lineitem", "pk": 54, "fields": {"created_at": "2025-11-19T21:17:14.185Z", "updated_at": "2025-11-19T21:17:14.185Z", "bill": 26, "description": "Gelincik (strawb cup)", "value": "310.00", "split_type": "shares", "is_closed": false}}, {"model": "tabs.lineitem", "pk": 55, "fields": {"created_at": "2025-11-19T21:17:14.186Z", "updated_at": "2025-11-19T21:17:14.186Z", "bill": 26, "description": "purple kek cup", "value": "290.00", "split_type": "shares", "is_closed": false}}, {"model": "tabs.lineitem", "pk": 56, "fields": {"created_at": "2025-11-19T21:17:14.188Z", "updated_at": "2025-11-19T21:17:14.188Z", "bill": 26, "description": "oreo milkshake", "value": "185.00", "split_type": "shares", "is_closed": false}}, {"model": "tabs.lineitem", "pk": 57, "fields": {"created_at": "2025-11-19T21:17:14.189Z", "updated_at": "2025-11-19T21:17:14.189Z", "bill": 26, "description": "Ferrero cup", "value": "290.00", "split_type": "shares", "is_closed": false}}, {"model": "tabs.lineitem", "pk": 58, "fields": {"created_at": "2025-11-19T21:17:14.190Z", "updated_at": "2025-11-19T21:17:14.190Z", "bill": 26, "description": "Americano", "value": "140.00", "split_type": "shares", "is_closed": false}}, {"model": "tabs.lineitem", "pk": 59, "fields": {"created_at": "2025-11-19T21:17:14.190Z", "updated_at": "2025-11-19T21:17:14.190Z", "bill": 26, "description": "Purple aksam (cake)", "value": "210.00", "split_type": "shares", "is_closed": false}}, {"model": "tabs.lineitem", "pk": 60, "fields": {"created_at": "2025-11-19T21:20:11.296Z", "updated_at": "2025-11-19T21:20:11.296Z", "bill": 27, "description": "tea", "value": "500.00", "split_type": "shares", "is_closed": false}}, {"model": "tabs.lineitem", "pk": 61, "fields": {"created_at": "2025-11-19T21:20:11.298Z", "updated_at": "2025-11-19T21:20:11.298Z", "bill": 27, "description": "coctail", "value": "500.00", "split_type": "shares", "is_closed": false}}, {"model": "tabs.lineitem", "pk": 62, "fields": {"created_at": "2025-11-19T21:20:11.298Z", "updated_at": "2025-11-19T21:20:11.298Z", "bill": 27, "description": "beers", "value": "1200.00", "split_type": "shares", "is_closed": false}}, {"model": "tabs.lineitem", "pk": 63, "fields": {"created_at": "2025-11-19T21:24:10.242Z", "updated_at": "2025-11-19T21:24:10.242Z", "bill": 28, "description": "satsuma sour", "value": "1600.00", "split_type": "shares", "is_closed": false}}, {"model": "tabs.lineitem", "pk": 64, "fields": {"created_at": "2025-11-19T21:24:10.248Z", "updated_at": "2025-11-19T21:24:10.248Z", "bill": 28, "description": "8 beers", "value": "1880.00", "split_type": "shares", "is_closed": false}}, {"model": "tabs.lineitem", "pk": 65, "fields": {"created_at": "2025-11-19T21:30:50.264Z", "updated_at": "2025-11-19T21:30:50.264Z", "bill": 29, "description": "bread", "value": "150.00", "split_type": "shares", "is_closed": false}}, {"model": "tabs.lineitem", "pk": 66, "fields": {"created_at": "2025-11-19T21:30:50.266Z", "updated_at": "2025-11-19T21:30:50.266Z", "bill": 29, "description": "coke", "value": "130.00", "split_type": "shares", "is_closed": false}}, {"model": "tabs.lineitem", "pk": 67, "fields": {"created_at": "2025-11-19T21:30:50.267Z", "updated_at": "2025-11-19T21:30:50.267Z", "bill": 29, "description": "chips", "value": "280.00", "split_type": "shares", "is_closed": false}}, {"model": "tabs.lineitem", "pk": 68, "fields": {"created_at": "2025-11-19T21:30:50.267Z", "updated_at": "2025-11-19T21:30:50.267Z", "bill": 29, "description": "big wrap", "value": "1050.00", "split_type": "shares", "is_closed": false}}, {"model": "tabs.lineitem", "pk": 69, "fields": {"created_at": "2025-11-19T21:30:50.268Z", "updated_at": "2025-11-19T21:30:50.268Z", "bill": 29, "description": "Small wraps", "value": "1400.00", "split_type": "shares", "is_closed": false}}, {"model": "tabs.lineitem", "pk": 70, "fields": {"created_at": "2025-11-19T21:44:09.552Z", "updated_at": "2025-11-19T21:44:09.552Z", "bill": 30, "description": "beer", "value": "275.00", "split_type": "shares", "is_closed": false}}, {"model": "tabs.lineitem", "pk": 71, "fields": {"created_at": "2025-11-19T21:44:09.554Z", "updated_at": "2025-11-19T21:44:09.554Z", "bill": 30, "description": "orange juice", "value": "150.00", "split_type": "shares", "is_closed": false}}, {"model": "tabs.lineitem", "pk": 72, "fields": {"created_at": "2025-11-19T21:44:09.556Z", "updated_at": "2025-11-19T21:44:09.556Z", "bill": 30, "description": "wine", "value": "1500.00", "split_type": "shares", "is_closed": false}}, {"model": "tabs.lineitem", "pk": 73, "fields": {"created_at": "2025-11-19T21:44:09.557Z", "updated_at": "2025-11-19T21:44:09.557Z", "bill": 30, "description": "water", "value": "80.00", "split_type": "shares", "is_closed": false}}, {"model": "tabs.lineitem", "pk": 74, "fields": {"created_at": "2025-11-19T21:44:09.558Z", "updated_at": "2025-11-19T21:44:09.558Z", "bill": 30, "description": "mojito", "value": "580.00", "split_type": "shares", "is_closed": false}}, {"model": "tabs.lineitem", "pk": 75, "fields": {"created_at": "2025-11-19T21:44:09.559Z", "updated_at": "2025-11-19T21:44:09.559Z", "bill": 30, "description": "mixed grill", "value": "1300.00", "split_type": "shares", "is_closed": false}}, {"model": "tabs.lineitem", "pk": 76, "fields": {"created_at": "2025-11-19T21:44:09.559Z", "updated_at": "2025-11-19T21:44:09.559Z", "bill": 30, "description": "shrimps", "value": "850.00", "split_type": "shares", "is_closed": false}}, {"model": "tabs.lineitem", "pk": 77, "fields": {"created_at": "2025-11-19T21:44:09.560Z", "updated_at": "2025-11-19T21:44:09.560Z", "bill": 30, "description": "shish kebab", "value": "780.00", "split_type": "shares", "is_closed": false}}, {"model": "tabs.lineitem", "pk": 78, "fields": {"created_at": "2025-11-19T21:44:09.560Z", "updated_at": "2025-11-19T21:44:09.560Z", "bill": 30, "description": "spaghetti", "value": "500.00", "split_type": "shares", "is_closed": false}}, {"model": "tabs.lineitem", "pk": 79, "fields": {"created_at": "2025-11-19T21:44:09.561Z", "updated_at": "2025-11-19T21:44:09.561Z", "bill": 30, "description": "onion rings", "value": "200.00", "split_type": "shares", "is_closed": false}}, {"model": "tabs.lineitem", "pk": 80, "fields": {"created_at": "2025-11-19T21:44:09.561Z", "updated_at": "2025-11-19T21:44:09.561Z", "bill": 30, "description": "kofte", "value": "630.00", "split_type": "shares", "is_closed": false}}, {"model": "tabs.lineitem", "pk": 81, "fields": {"created_at": "2025-11-19T21:44:09.561Z", "updated_at": "2025-11-19T21:44:09.561Z", "bill": 30, "description": "chcicken stuffed leaves", "value": "720.00", "split_type": "shares", "is_closed": false}}, {"model": "tabs.lineitem", "pk": 82, "fields": {"created_at": "2025-11-19T21:47:18.314Z", "updated_at": "2025-11-19T21:47:18.314Z", "bill": 31, "description": "hotel", "value": "513.00", "split_type": "shares", "is_closed": false}}, {"model": "tabs.lineitem", "pk": 83, "fields": {"created_at": "2025-11-19T21:54:15.106Z", "updated_at": "2025-11-19T21:54:15.106Z", "bill": 32, "description": "beach seats", "value": "40.40", "split_type": "shares", "is_closed": false}}, {"model": "tabs.lineitem", "pk": 84, "fields": {"created_at": "2025-11-19T22:03:44.728Z", "updated_at": "2025-11-19T22:03:44.728Z", "bill": 33, "description": "tickets", "value": "420.00", "split_type": "shares", "is_closed": false}}, {"model": "tabs.lineitem", "pk": 85, "fields": {"created_at": "2025-11-19T22:29:54.876Z", "updated_at": "2025-11-19T22:29:54.876Z", "bill": 34, "description": "easyjet", "value": "630.92", "split_type": "shares", "is_closed": false}}, {"model": "tabs.lineitem", "pk": 86, "fields": {"created_at": "2025-11-19T22:29:54.879Z", "updated_at": "2025-11-19T22:29:54.879Z", "bill": 34, "description": "ryanair", "value": "111.15", "split_type": "shares", "is_closed": false}}, {"model": "tabs.lineitem", "pk": 87, "fields": {"created_at": "2025-11-19T22:29:54.880Z", "updated_at": "2025-11-19T22:29:54.880Z", "bill": 34, "description": "pegasus 2", "value": "224.80", "split_type": "shares", "is_closed": false}}, {"model": "tabs.lineitem", "pk": 88, "fields": {"created_at": "2025-11-19T22:29:54.881Z", "updated_at": "2025-11-19T22:29:54.881Z", "bill": 34, "description": "pegasus 1", "value": "63.55", "split_type": "shares", "is_closed": false}}, {"model": "tabs.personlineitemclaim", "pk": 77, "fields": {"created_at": "2025-11-17T21:03:56.982Z", "updated_at": "2025-11-17T21:03:56.983Z", "person": 33, "line_item": 32, "split_value": "1.00", "calculated_amount": "326.67", "has_claimed": false}}, {"model": "tabs.personlineitemclaim", "pk": 78, "fields": {"created_at": "2025-11-17T21:03:56.983Z", "updated_at": "2025-11-17T21:03:56.983Z", "person": 34, "line_item": 32, "split_value": "1.00", "calculated_amount": "326.67", "has_claimed": false}}, {"model": "tabs.personlineitemclaim", "pk": 79, "fields": {"created_at": "2025-11-17T21:03:56.984Z", "updated_at": "2025-11-17T21:03:56.984Z", "person": 35, "line_item": 32, "split_value": "1.00", "calculated_amount": "326.67", "has_claimed": false}}, {"model": "tabs.personlineitemclaim", "pk": 80, "fields": {"created_at": "2025-11-17T21:18:56.988Z", "updated_at": "2025-11-17T21:18:56.988Z", "person": 35, "line_item": 33, "split_value": "1.00", "calculated_amount": "320.00", "has_claimed": false}}, {"model": "tabs.personlineitemclaim", "pk": 81, "fields": {"created_at": "2025-11-17T21:18:56.989Z", "updated_at": "2025-11-17T21:18:56.989Z", "person": 35, "line_item": 34, "split_value": "1.00", "calculated_amount": "450.00", "has_claimed": false}}, {"model": "tabs.personlineitemclaim", "pk": 82, "fields": {"created_at": "2025-11-17T21:18:56.989Z", "updated_at": "2025-11-17T21:18:56.989Z", "person": 34, "line_item": 35, "split_value": "1.00", "calculated_amount": "250.00", "has_claimed": false}}, {"model": "tabs.personlineitemclaim", "pk": 83, "fields": {"created_at": "2025-11-17T21:18:56.991Z", "updated_at": "2025-11-17T21:18:56.991Z", "person": 35, "line_item": 36, "split_value": "1.00", "calculated_amount": "350.00", "has_claimed": false}}, {"model": "tabs.personlineitemclaim", "pk": 84, "fields": {"created_at": "2025-11-17T21:18:56.992Z", "updated_at": "2025-11-17T21:18:56.992Z", "person": 35, "line_item": 37, "split_value": "1.00", "calculated_amount": "375.00", "has_claimed": false}}, {"model": "tabs.personlineitemclaim", "pk": 85, "fields": {"created_at": "2025-11-17T21:18:56.992Z", "updated_at": "2025-11-17T21:18:56.992Z", "person": 35, "line_item": 38, "split_value": "1.00", "calculated_amount": "350.00", "has_claimed": false}}, {"model": "tabs.personlineitemclaim", "pk": 86, "fields": {"created_at": "2025-11-17T21:18:56.993Z", "updated_at": "2025-11-17T21:18:56.993Z", "person": 34, "line_item": 39, "split_value": "1.00", "calculated_amount": "670.00", "has_claimed": false}}, {"model": "tabs.personlineitemclaim", "pk": 87, "fields": {"created_at": "2025-11-17T21:18:56.994Z", "updated_at": "2025-11-17T21:18:56.994Z", "person": 34, "line_item": 40, "split_value": "1.00", "calculated_amount": "560.00", "has_claimed": false}}, {"model": "tabs.personlineitemclaim", "pk": 88, "fields": {"created_at": "2025-11-17T21:18:56.994Z", "updated_at": "2025-11-17T21:18:56.994Z", "person": 35, "line_item": 41, "split_value": "1.00", "calculated_amount": "400.00", "has_claimed": false}}, {"model": "tabs.personlineitemclaim", "pk": 89, "fields": {"created_at": "2025-11-17T21:18:56.995Z", "updated_at": "2025-11-17T21:18:56.995Z", "person": 35, "line_item": 42, "split_value": "1.00", "calculated_amount": "520.00", "has_claimed": false}}, {"model": "tabs.personlineitemclaim", "pk": 90, "fields": {"created_at": "2025-11-17T21:18:56.995Z", "updated_at": "2025-11-17T21:18:56.995Z", "person": 33, "line_item": 43, "split_value": "1.00", "calculated_amount": "740.00", "has_claimed": false}}, {"model": "tabs.personlineitemclaim", "pk": 91, "fields": {"created_at": "2025-11-17T21:18:56.995Z", "updated_at": "2025-11-17T21:18:56.995Z", "person": 35, "line_item": 43, "split_value": "2.00", "calculated_amount": "1480.00", "has_claimed": false}}, {"model": "tabs.personlineitemclaim", "pk": 92, "fields": {"created_at": "2025-11-17T21:18:56.996Z", "updated_at": "2025-11-17T21:18:56.996Z", "person": 33, "line_item": 44, "split_value": "1.00", "calculated_amount": "3500.00", "has_claimed": false}}, {"model": "tabs.personlineitemclaim", "pk": 93, "fields": {"created_at": "2025-11-17T21:21:45.322Z", "updated_at": "2025-11-17T21:21:45.322Z", "person": 33, "line_item": 45, "split_value": "1.00", "calculated_amount": "300.00", "has_claimed": false}}, {"model": "tabs.personlineitemclaim", "pk": 94, "fields": {"created_at": "2025-11-17T21:23:23.315Z", "updated_at": "2025-11-17T21:23:23.315Z", "person": 34, "line_item": 46, "split_value": "1.00", "calculated_amount": "500.00", "has_claimed": false}}, {"model": "tabs.personlineitemclaim", "pk": 95, "fields": {"created_at": "2025-11-17T21:23:23.316Z", "updated_at": "2025-11-17T21:23:23.316Z", "person": 35, "line_item": 46, "split_value": "1.00", "calculated_amount": "500.00", "has_claimed": false}}, {"model": "tabs.personlineitemclaim", "pk": 96, "fields": {"created_at": "2025-11-17T21:27:41.092Z", "updated_at": "2025-11-17T21:27:41.092Z", "person": 33, "line_item": 47, "split_value": "1.00", "calculated_amount": "283.33", "has_claimed": false}}, {"model": "tabs.personlineitemclaim", "pk": 97, "fields": {"created_at": "2025-11-17T21:27:41.093Z", "updated_at": "2025-11-17T21:27:41.093Z", "person": 34, "line_item": 47, "split_value": "1.00", "calculated_amount": "283.33", "has_claimed": false}}, {"model": "tabs.personlineitemclaim", "pk": 98, "fields": {"created_at": "2025-11-17T21:27:41.093Z", "updated_at": "2025-11-17T21:27:41.093Z", "person": 35, "line_item": 47, "split_value": "1.00", "calculated_amount": "283.33", "has_claimed": false}}, {"model": "tabs.personlineitemclaim", "pk": 99, "fields": {"created_at": "2025-11-17T21:50:19.090Z", "updated_at": "2025-11-17T21:50:19.090Z", "person": 34, "line_item": 48, "split_value": "1.00", "calculated_amount": "38.80", "has_claimed": false}}, {"model": "tabs.personlineitemclaim", "pk": 100, "fields": {"created_at": "2025-11-17T21:50:19.091Z", "updated_at": "2025-11-17T21:50:19.091Z", "person": 35, "line_item": 49, "split_value": "1.00", "calculated_amount": "75.16", "has_claimed": false}}, {"model": "tabs.personlineitemclaim", "pk": 101, "fields": {"created_at": "2025-11-17T21:50:19.091Z", "updated_at": "2025-11-17T21:50:19.091Z", "person": 33, "line_item": 50, "split_value": "1.00", "calculated_amount": "25.27", "has_claimed": false}}, {"model": "tabs.personlineitemclaim", "pk": 102, "fields": {"created_at": "2025-11-19T21:17:14.182Z", "updated_at": "2025-11-19T21:17:14.182Z", "person": 35, "line_item": 51, "split_value": "1.00", "calculated_amount": "380.00", "has_claimed": false}}, {"model": "tabs.personlineitemclaim", "pk": 103, "fields": {"created_at": "2025-11-19T21:17:14.183Z", "updated_at": "2025-11-19T21:17:14.183Z", "person": 35, "line_item": 52, "split_value": "1.00", "calculated_amount": "160.00", "has_claimed": false}}, {"model": "tabs.personlineitemclaim", "pk": 104, "fields": {"created_at": "2025-11-19T21:17:14.185Z", "updated_at": "2025-11-19T21:17:14.185Z", "person": 35, "line_item": 53, "split_value": "1.00", "calculated_amount": "330.00", "has_claimed": false}}, {"model": "tabs.personlineitemclaim", "pk": 105, "fields": {"created_at": "2025-11-19T21:17:14.186Z", "updated_at": "2025-11-19T21:17:14.186Z", "person": 34, "line_item": 54, "split_value": "1.00", "calculated_amount": "310.00", "has_claimed": false}}, {"model": "tabs.personlineitemclaim", "pk": 106, "fields": {"created_at": "2025-11-19T21:17:14.188Z", "updated_at": "2025-11-19T21:17:14.188Z", "person": 35, "line_item": 55, "split_value": "1.00", "calculated_amount": "290.00", "has_claimed": false}}, {"model": "tabs.personlineitemclaim", "pk": 107, "fields": {"created_at": "2025-11-19T21:17:14.189Z", "updated_at": "2025-11-19T21:17:14.189Z", "person": 35, "line_item": 56, "split_value": "1.00", "calculated_amount": "185.00", "has_claimed": false}}, {"model": "tabs.personlineitemclaim", "pk": 108, "fields": {"created_at": "2025-11-19T21:17:14.189Z", "updated_at": "2025-11-19T21:17:14.189Z", "person": 33, "line_item": 57, "split_value": "1.00", "calculated_amount": "290.00", "has_claimed": false}}, {"model": "tabs.personlineitemclaim", "pk": 109, "fields": {"created_at": "2025-11-19T21:17:14.190Z", "updated_at": "2025-11-19T21:17:14.190Z", "person": 35, "line_item": 58, "split_value": "1.00", "calculated_amount": "140.00", "has_claimed": false}}, {"model": "tabs.personlineitemclaim", "pk": 110, "fields": {"created_at": "2025-11-19T21:17:14.190Z", "updated_at": "2025-11-19T21:17:14.190Z", "person": 34, "line_item": 59, "split_value": "1.00", "calculated_amount": "210.00", "has_claimed": false}}, {"model": "tabs.personlineitemclaim", "pk": 111, "fields": {"created_at": "2025-11-19T21:20:11.297Z", "updated_at": "2025-11-19T21:20:11.297Z", "person": 35, "line_item": 60, "split_value": "1.00", "calculated_amount": "500.00", "has_claimed": false}}, {"model": "tabs.personlineitemclaim", "pk": 112, "fields": {"created_at": "2025-11-19T21:20:11.298Z", "updated_at": "2025-11-19T21:20:11.298Z", "person": 34, "line_item": 61, "split_value": "1.00", "calculated_amount": "500.00", "has_claimed": false}}, {"model": "tabs.personlineitemclaim", "pk": 113, "fields": {"created_at": "2025-11-19T21:20:11.298Z", "updated_at": "2025-11-19T21:20:11.298Z", "person": 33, "line_item": 62, "split_value": "1.00", "calculated_amount": "400.00", "has_claimed": false}}, {"model": "tabs.personlineitemclaim", "pk": 114, "fields": {"created_at": "2025-11-19T21:20:11.299Z", "updated_at": "2025-11-19T21:20:11.299Z", "person": 35, "line_item": 62, "split_value": "2.00", "calculated_amount": "800.00", "has_claimed": false}}, {"model": "tabs.personlineitemclaim", "pk": 115, "fields": {"created_at": "2025-11-19T21:24:10.244Z", "updated_at": "2025-11-19T21:24:10.244Z", "person": 33, "line_item": 63, "split_value": "1.00", "calculated_amount": "400.00", "has_claimed": false}}, {"model": "tabs.personlineitemclaim", "pk": 116, "fields": {"created_at": "2025-11-19T21:24:10.247Z", "updated_at": "2025-11-19T21:24:10.247Z", "person": 34, "line_item": 63, "split_value": "2.00", "calculated_amount": "800.00", "has_claimed": false}}, {"model": "tabs.personlineitemclaim", "pk": 117, "fields": {"created_at": "2025-11-19T21:24:10.248Z", "updated_at": "2025-11-19T21:24:10.248Z", "person": 35, "line_item": 63, "split_value": "1.00", "calculated_amount": "400.00", "has_claimed": false}}, {"model": "tabs.personlineitemclaim", "pk": 118, "fields": {"created_at": "2025-11-19T21:24:10.249Z", "updated_at": "2025-11-19T21:24:10.249Z", "person": 33, "line_item": 64, "split_value": "1.00", "calculated_amount": "940.00", "has_claimed": false}}, {"model": "tabs.personlineitemclaim", "pk": 119, "fields": {"created_at": "2025-11-19T21:24:10.249Z", "updated_at": "2025-11-19T21:24:10.249Z", "person": 35, "line_item": 64, "split_value": "1.00", "calculated_amount": "940.00", "has_claimed": false}}, {"model": "tabs.personlineitemclaim", "pk": 120, "fields": {"created_at": "2025-11-19T21:30:50.265Z", "updated_at": "2025-11-19T21:30:50.265Z", "person": 33, "line_item": 65, "split_value": "1.00", "calculated_amount": "50.00", "has_claimed": false}}, {"model": "tabs.personlineitemclaim", "pk": 121, "fields": {"created_at": "2025-11-19T21:30:50.266Z", "updated_at": "2025-11-19T21:30:50.266Z", "person": 34, "line_item": 65, "split_value": "1.00", "calculated_amount": "50.00", "has_claimed": false}}, {"model": "tabs.personlineitemclaim", "pk": 122, "fields": {"created_at": "2025-11-19T21:30:50.266Z", "updated_at": "2025-11-19T21:30:50.266Z", "person": 35, "line_item": 65, "split_value": "1.00", "calculated_amount": "50.00", "has_claimed": false}}, {"model": "tabs.personlineitemclaim", "pk": 123, "fields": {"created_at": "2025-11-19T21:30:50.267Z", "updated_at": "2025-11-19T21:30:50.267Z", "person": 35, "line_item": 66, "split_value": "1.00", "calculated_amount": "130.00", "has_claimed": false}}, {"model": "tabs.personlineitemclaim", "pk": 124, "fields": {"created_at": "2025-11-19T21:30:50.267Z", "updated_at": "2025-11-19T21:30:50.267Z", "person": 34, "line_item": 67, "split_value": "1.00", "calculated_amount": "280.00", "has_claimed": false}}, {"model": "tabs.personlineitemclaim", "pk": 125, "fields": {"created_at": "2025-11-19T21:30:50.268Z", "updated_at": "2025-11-19T21:30:50.268Z", "person": 33, "line_item": 68, "split_value": "1.00", "calculated_amount": "1050.00", "has_claimed": false}}, {"model": "tabs.personlineitemclaim", "pk": 126, "fields": {"created_at": "2025-11-19T21:30:50.268Z", "updated_at": "2025-11-19T21:30:50.268Z", "person": 34, "line_item": 69, "split_value": "1.00", "calculated_amount": "700.00", "has_claimed": false}}, {"model": "tabs.personlineitemclaim", "pk": 127, "fields": {"created_at": "2025-11-19T21:30:50.269Z", "updated_at": "2025-11-19T21:30:50.269Z", "person": 35, "line_item": 69, "split_value": "1.00", "calculated_amount": "700.00", "has_claimed": false}}, {"model": "tabs.personlineitemclaim", "pk": 146, "fields": {"created_at": "2025-11-19T21:54:15.108Z", "updated_at": "2025-11-19T21:54:15.108Z", "person": 33, "line_item": 83, "split_value": "1.00", "calculated_amount": "6.73", "has_claimed": false}}, {"model": "tabs.personlineitemclaim", "pk": 147, "fields": {"created_at": "2025-11-19T21:54:15.110Z", "updated_at": "2025-11-19T21:54:15.110Z", "person": 34, "line_item": 83, "split_value": "2.00", "calculated_amount": "13.47", "has_claimed": false}}, {"model": "tabs.personlineitemclaim", "pk": 148, "fields": {"created_at": "2025-11-19T21:54:15.111Z", "updated_at": "2025-11-19T21:54:15.111Z", "person": 35, "line_item": 83, "split_value": "3.00", "calculated_amount": "20.20", "has_claimed": false}}, {"model": "tabs.personlineitemclaim", "pk": 149, "fields": {"created_at": "2025-11-19T21:57:27.829Z", "updated_at": "2025-11-19T21:57:27.829Z", "person": 33, "line_item": 82, "split_value": "1.00", "calculated_amount": "128.25", "has_claimed": false}}, {"model": "tabs.personlineitemclaim", "pk": 150, "fields": {"created_at": "2025-11-19T21:57:27.831Z", "updated_at": "2025-11-19T21:57:27.831Z", "person": 34, "line_item": 82, "split_value": "1.00", "calculated_amount": "128.25", "has_claimed": false}}, {"model": "tabs.personlineitemclaim", "pk": 151, "fields": {"created_at": "2025-11-19T21:57:27.832Z", "updated_at": "2025-11-19T21:57:27.832Z", "person": 35, "line_item": 82, "split_value": "2.00", "calculated_amount": "256.50", "has_claimed": false}}, {"model": "tabs.personlineitemclaim", "pk": 152, "fields": {"created_at": "2025-11-19T22:03:44.730Z", "updated_at": "2025-11-19T22:03:44.730Z", "person": 33, "line_item": 84, "split_value": "1.00", "calculated_amount": "105.00", "has_claimed": false}}, {"model": "tabs.personlineitemclaim", "pk": 153, "fields": {"created_at": "2025-11-19T22:03:44.733Z", "updated_at": "2025-11-19T22:03:44.733Z", "person": 34, "line_item": 84, "split_value": "1.00", "calculated_amount": "105.00", "has_claimed": false}}, {"model": "tabs.personlineitemclaim", "pk": 154, "fields": {"created_at": "2025-11-19T22:03:44.734Z", "updated_at": "2025-11-19T22:03:44.735Z", "person": 35, "line_item": 84, "split_value": "2.00", "calculated_amount": "210.00", "has_claimed": false}}, {"model": "tabs.personlineitemclaim", "pk": 155, "fields": {"created_at": "2025-11-19T22:29:54.878Z", "updated_at": "2025-11-19T22:29:54.878Z", "person": 33, "line_item": 85, "split_value": "1.00", "calculated_amount": "157.73", "has_claimed": false}}, {"model": "tabs.personlineitemclaim", "pk": 156, "fields": {"created_at": "2025-11-19T22:29:54.879Z", "updated_at": "2025-11-19T22:29:54.879Z", "person": 34, "line_item": 85, "split_value": "1.00", "calculated_amount": "157.73", "has_claimed": false}}, {"model": "tabs.personlineitemclaim", "pk": 157, "fields": {"created_at": "2025-11-19T22:29:54.879Z", "updated_at": "2025-11-19T22:29:54.879Z", "person": 35, "line_item": 85, "split_value": "2.00", "calculated_amount": "315.46", "has_claimed": false}}, {"model": "tabs.personlineitemclaim", "pk": 158, "fields": {"created_at": "2025-11-19T22:29:54.879Z", "updated_at": "2025-11-19T22:29:54.879Z", "person": 33, "line_item": 86, "split_value": "1.00", "calculated_amount": "27.79", "has_claimed": false}}, {"model": "tabs.personlineitemclaim", "pk": 159, "fields": {"created_at": "2025-11-19T22:29:54.879Z", "updated_at": "2025-11-19T22:29:54.879Z", "person": 34, "line_item": 86, "split_value": "1.00", "calculated_amount": "27.79", "has_claimed": false}}, {"model": "tabs.personlineitemclaim", "pk": 160, "fields": {"created_at": "2025-11-19T22:29:54.880Z", "updated_at": "2025-11-19T22:29:54.880Z", "person": 35, "line_item": 86, "split_value": "2.00", "calculated_amount": "55.58", "has_claimed": false}}, {"model": "tabs.personlineitemclaim", "pk": 161, "fields": {"created_at": "2025-11-19T22:29:54.880Z", "updated_at": "2025-11-19T22:29:54.880Z", "person": 33, "line_item": 87, "split_value": "1.00", "calculated_amount": "56.20", "has_claimed": false}}, {"model": "tabs.personlineitemclaim", "pk": 162, "fields": {"created_at": "2025-11-19T22:29:54.880Z", "updated_at": "2025-11-19T22:29:54.880Z", "person": 34, "line_item": 87, "split_value": "1.00", "calculated_amount": "56.20", "has_claimed": false}}, {"model": "tabs.personlineitemclaim", "pk": 163, "fields": {"created_at": "2025-11-19T22:29:54.881Z", "updated_at": "2025-11-19T22:29:54.881Z", "person": 35, "line_item": 87, "split_value": "2.00", "calculated_amount": "112.40", "has_claimed": false}}, {"model": "tabs.personlineitemclaim", "pk": 164, "fields": {"created_at": "2025-11-19T22:29:54.881Z", "updated_at": "2025-11-19T22:29:54.881Z", "person": 33, "line_item": 88, "split_value": "1.00", "calculated_amount": "15.89", "has_claimed": false}}, {"model": "tabs.personlineitemclaim", "pk": 165, "fields": {"created_at": "2025-11-19T22:29:54.882Z", "updated_at": "2025-11-19T22:29:54.882Z", "person": 34, "line_item": 88, "split_value": "1.00", "calculated_amount": "15.89", "has_claimed": false}}, {"model": "tabs.personlineitemclaim", "pk": 166, "fields": {"created_at": "2025-11-19T22:29:54.882Z", "updated_at": "2025-11-19T22:29:54.882Z", "person": 35, "line_item": 88, "split_value": "2.00", "calculated_amount": "31.78", "has_claimed": false}}, {"model": "tabs.personlineitemclaim", "pk": 167, "fields": {"created_at": "2025-11-19T22:31:05.835Z", "updated_at": "2025-11-19T22:31:05.835Z", "person": 33, "line_item": 70, "split_value": "1.00", "calculated_amount": "275.00", "has_claimed": false}}, {"model": "tabs.personlineitemclaim", "pk": 168, "fields": {"created_at": "2025-11-19T22:31:05.836Z", "updated_at": "2025-11-19T22:31:05.836Z", "person": 35, "line_item": 71, "split_value": "1.00", "calculated_amount": "150.00", "has_claimed": false}}, {"model": "tabs.personlineitemclaim", "pk": 169, "fields": {"created_at": "2025-11-19T22:31:05.836Z", "updated_at": "2025-11-19T22:31:05.836Z", "person": 33, "line_item": 72, "split_value": "1.00", "calculated_amount": "750.00", "has_claimed": false}}, {"model": "tabs.personlineitemclaim", "pk": 170, "fields": {"created_at": "2025-11-19T22:31:05.837Z", "updated_at": "2025-11-19T22:31:05.837Z", "person": 35, "line_item": 72, "split_value": "1.00", "calculated_amount": "750.00", "has_claimed": false}}, {"model": "tabs.personlineitemclaim", "pk": 171, "fields": {"created_at": "2025-11-19T22:31:05.838Z", "updated_at": "2025-11-19T22:31:05.838Z", "person": 33, "line_item": 73, "split_value": "1.00", "calculated_amount": "20.00", "has_claimed": false}}, {"model": "tabs.personlineitemclaim", "pk": 172, "fields": {"created_at": "2025-11-19T22:31:05.839Z", "updated_at": "2025-11-19T22:31:05.839Z", "person": 34, "line_item": 73, "split_value": "1.00", "calculated_amount": "20.00", "has_claimed": false}}, {"model": "tabs.personlineitemclaim", "pk": 173, "fields": {"created_at": "2025-11-19T22:31:05.840Z", "updated_at": "2025-11-19T22:31:05.840Z", "person": 35, "line_item": 73, "split_value": "2.00", "calculated_amount": "40.00", "has_claimed": false}}, {"model": "tabs.personlineitemclaim", "pk": 174, "fields": {"created_at": "2025-11-19T22:31:05.840Z", "updated_at": "2025-11-19T22:31:05.840Z", "person": 34, "line_item": 74, "split_value": "1.00", "calculated_amount": "580.00", "has_claimed": false}}, {"model": "tabs.personlineitemclaim", "pk": 175, "fields": {"created_at": "2025-11-19T22:31:05.841Z", "updated_at": "2025-11-19T22:31:05.841Z", "person": 35, "line_item": 75, "split_value": "1.00", "calculated_amount": "1300.00", "has_claimed": false}}, {"model": "tabs.personlineitemclaim", "pk": 176, "fields": {"created_at": "2025-11-19T22:31:05.841Z", "updated_at": "2025-11-19T22:31:05.842Z", "person": 33, "line_item": 76, "split_value": "1.00", "calculated_amount": "850.00", "has_claimed": false}}, {"model": "tabs.personlineitemclaim", "pk": 177, "fields": {"created_at": "2025-11-19T22:31:05.842Z", "updated_at": "2025-11-19T22:31:05.842Z", "person": 33, "line_item": 77, "split_value": "1.00", "calculated_amount": "780.00", "has_claimed": false}}, {"model": "tabs.personlineitemclaim", "pk": 178, "fields": {"created_at": "2025-11-19T22:31:05.843Z", "updated_at": "2025-11-19T22:31:05.843Z", "person": 34, "line_item": 78, "split_value": "1.00", "calculated_amount": "500.00", "has_claimed": false}}, {"model": "tabs.personlineitemclaim", "pk": 179, "fields": {"created_at": "2025-11-19T22:31:05.843Z", "updated_at": "2025-11-19T22:31:05.843Z", "person": 34, "line_item": 79, "split_value": "1.00", "calculated_amount": "200.00", "has_claimed": false}}, {"model": "tabs.personlineitemclaim", "pk": 180, "fields": {"created_at": "2025-11-19T22:31:05.844Z", "updated_at": "2025-11-19T22:31:05.844Z", "person": 34, "line_item": 80, "split_value": "1.00", "calculated_amount": "630.00", "has_claimed": false}}, {"model": "tabs.personlineitemclaim", "pk": 181, "fields": {"created_at": "2025-11-19T22:31:05.844Z", "updated_at": "2025-11-19T22:31:05.844Z", "person": 35, "line_item": 81, "split_value": "1.00", "calculated_amount": "720.00", "has_claimed": false}}]